YEAR,incgroup,ln_RLABINC,log_div_t,y_gt,dy_gt,t_index
1976,Group1,9.043046167540435,1.4212370746354555,7.6218090929049795,,0
1977,Group1,9.058248942418109,1.4053358662308209,7.6529130761872874,0.0311039832823079,1
1978,Group1,9.066091297075316,1.3837051287150068,7.682386168360309,0.02947309217302152,2
1979,Group1,9.001644549430395,1.3309802715109509,7.670664277919444,-0.01172189044086469,3
1980,Group1,8.917592880032142,1.25467755327468,7.662915326757462,-0.007748951161982376,4
1981,Group1,8.916237805249033,1.2069414761214812,7.709296329127551,0.04638100237008924,5
1982,Group1,8.926761021255802,1.204709191447922,7.72205182980788,0.012755500680328602,6
1983,Group1,8.913454904456941,1.21744439668358,7.696010507773361,-0.026041322034518366,7
1984,Group1,8.88778155039375,1.2223164776253483,7.665465072768402,-0.03054543500495921,8
1985,Group1,8.896384596270032,1.2301418082165847,7.666242788053447,0.0007777152850447777,9
1986,Group1,8.987238087618808,1.2488721789288717,7.738365908689936,0.07212312063648874,10
1987,Group1,8.970468266826197,1.2475973177244526,7.722870949101744,-0.01549495958819147,11
1988,Group1,8.940008463099218,1.2513135123982402,7.688694950700978,-0.034175998400765906,12
1989,Group1,8.970357123198669,1.242204190431449,7.72815293276722,0.03945798206624129,13
1990,Group1,8.936929350286853,1.228032708537962,7.708896641748891,-0.01925629101832893,14
1991,Group1,9.019571833581812,1.2197818318507236,7.799790001731089,0.09089335998219816,15
1992,Group1,8.970821328495816,1.2201386325999983,7.750682695895818,-0.04910730583527112,16
1993,Group1,8.942804010369171,1.2195122696693004,7.723291740699871,-0.02739095519594681,17
1994,Group1,8.925637016122373,1.222838575736288,7.7027984403860845,-0.020493300313786378,18
1995,Group1,8.961288528180457,1.2225242361934225,7.738764291987035,0.03596585160095067,19
1996,Group1,8.880270255928817,1.2170842674658826,7.663185988462935,-0.07557830352410022,20
1997,Group1,8.983692925941554,1.2134048492314777,7.770288076710076,0.1071020882471414,21
1998,Group1,9.073637803873158,1.2148068613909997,7.858830942482158,0.08854286577208192,22
1999,Group1,9.021420717287285,1.209194232960751,7.812226484326533,-0.04660445815562486,23
2000,Group1,9.043875046800212,1.1912058542399875,7.852669192560224,0.040442708233690894,24
2001,Group1,9.08932500329062,1.179389015885697,7.909935987404923,0.057266794844698765,25
2002,Group1,9.173408392251082,1.1824217119160807,7.990986680335001,0.08105069293007805,26
2003,Group1,9.136605387166268,1.1812101589056503,7.955395228260618,-0.03559145207438341,27
2004,Group1,9.089286679025674,1.1750403774200744,7.9142463016055995,-0.041148926655018236,28
2005,Group1,9.077571689588758,1.1625476249962878,7.915024064592471,0.0007777629868712665,29
2006,Group1,9.073716591523818,1.1522893537193124,7.921427237804505,0.006403173212034652,30
2007,Group1,9.207252358867558,1.1457453087669454,8.061507050100612,0.1400798122961069,31
2008,Group1,9.20107320544913,1.1349124980441936,8.066160707404936,0.004653657304324099,32
2009,Group1,9.174468968849368,1.1674502485896212,8.007018720259747,-0.059141987145189034,33
2010,Group1,9.171288777893414,1.1754310188003922,7.995857759093022,-0.011160961166725158,34
2011,Group1,9.156224301936025,1.168560883711804,7.987663418224221,-0.00819434086880122,35
2012,Group1,9.142010777968766,1.1758272096799174,7.966183568288848,-0.021479849935372997,36
2013,Group1,9.136539812423552,1.1854779952942271,7.951061817129324,-0.015121751159523633,37
2014,Group1,9.140855235653335,1.192930072706674,7.947925162946661,-0.003136654182663179,38
2015,Group1,9.16301681193307,1.2165216211685692,7.946495190764502,-0.0014299721821595668,39
2016,Group1,9.192940676926028,1.2303730093728262,7.962567667553202,0.016072476788700385,40
2017,Group1,9.208906673530526,1.2339158220643678,7.974990851466158,0.012423183912956048,41
2018,Group1,9.256861155067911,1.2346616536316373,8.022199501436274,0.04720864997011631,42
2019,Group1,9.251216179668242,1.2421184175988096,8.009097762069432,-0.013101739366842224,43
2020,Group1,9.269152824272808,1.2545785822752078,8.0145742419976,0.005476479928168132,44
2021,Group1,9.31474062244308,1.2287628673245719,8.08597775511851,0.07140351312090942,45
2022,Group1,9.307524504317412,1.1748738079692054,8.132650696348206,0.04667294122969601,46
2023,Group1,9.282327419838266,1.1583124075511855,8.12401501228708,-0.008635684061125914,47
2024,Group1,9.298097389826763,1.1504155426346838,8.147681847192079,0.02366683490499888,48
1976,Group2,9.93843193701313,1.4212370746354555,8.517194862377675,,0
1977,Group2,9.953715361507538,1.4053358662308209,8.548379495276716,0.031184632899041276,1
1978,Group2,9.93746858253909,1.3837051287150068,8.553763453824082,0.005383958547366063,2
1979,Group2,9.900278924899393,1.3309802715109509,8.569298653388442,0.015535199564359559,3
1980,Group2,9.85733632253858,1.25467755327468,8.6026587692639,0.03336011587545862,4
1981,Group2,9.8471168542093,1.2069414761214812,8.64017537808782,0.037516608823919384,5
1982,Group2,9.829573582856163,1.204709191447922,8.624864391408241,-0.01531098667957842,6
1983,Group2,9.841152017070726,1.21744439668358,8.623707620387146,-0.0011567710210957927,7
1984,Group2,9.865317278646966,1.2223164776253483,8.643000801021618,0.01929318063447205,8
1985,Group2,9.884177275454489,1.2301418082165847,8.654035467237904,0.011034666216286126,9
1986,Group2,9.908220990870992,1.2488721789288717,8.65934881194212,0.005313344704216405,10
1987,Group2,9.903516502013554,1.2475973177244526,8.655919184289102,-0.0034296276530181302,11
1988,Group2,9.879328507882644,1.2513135123982402,8.628014995484403,-0.02790418880469936,12
1989,Group2,9.89317407456638,1.242204190431449,8.65096988413493,0.02295488865052775,13
1990,Group2,9.87482637132772,1.228032708537962,8.646793662789758,-0.004176221345172593,14
1991,Group2,9.876310855093,1.2197818318507236,8.656529023242275,0.009735360452516773,15
1992,Group2,9.865671385427529,1.2201386325999983,8.645532752827531,-0.010996270414743492,16
1993,Group2,9.878264491057568,1.2195122696693004,8.658752221388268,0.013219468560736303,17
1994,Group2,9.86562486595242,1.222838575736288,8.642786290216131,-0.015965931172136294,18
1995,Group2,9.862063388710355,1.2225242361934225,8.639539152516933,-0.003247137699197822,19
1996,Group2,9.851662387651324,1.2170842674658826,8.634578120185441,-0.004961032331491921,20
1997,Group2,9.87483464728913,1.2134048492314777,8.661429798057654,0.02685167787221232,21
1998,Group2,9.920536135537567,1.2148068613909997,8.705729274146567,0.044299476088912826,22
1999,Group2,9.963371038418463,1.209194232960751,8.754176805457712,0.04844753131114565,23
2000,Group2,9.94972472847708,1.1912058542399875,8.758518874237092,0.004342068779379815,24
2001,Group2,9.963515949530898,1.179389015885697,8.7841269336452,0.02560805940810873,25
2002,Group2,9.9851895841814,1.1824217119160807,8.802767872265319,0.018640938620118064,26
2003,Group2,9.98144334286293,1.1812101589056503,8.80023318395728,-0.002534688308038824,27
2004,Group2,9.959023623426694,1.1750403774200744,8.783983246006619,-0.01624993795066132,28
2005,Group2,9.947597951981647,1.1625476249962878,8.78505032698536,0.0010670809787409752,29
2006,Group2,9.961832345905403,1.1522893537193124,8.80954299218609,0.024492665200730457,30
2007,Group2,9.972954215748052,1.1457453087669454,8.827208906981106,0.01766591479501578,31
2008,Group2,9.94761216154349,1.1349124980441936,8.812699663499295,-0.01450924348181104,32
2009,Group2,9.94832584105826,1.1674502485896212,8.78087559246864,-0.03182407103065543,33
2010,Group2,9.949277799241043,1.1754310188003922,8.773846780440651,-0.007028812027987996,34
2011,Group2,9.92190954297217,1.168560883711804,8.753348659260366,-0.020498121180285267,35
2012,Group2,9.913660143136536,1.1758272096799174,8.737832933456618,-0.015515725803748381,36
2013,Group2,9.9069011761765,1.1854779952942271,8.721423180882272,-0.016409752574345404,37
2014,Group2,9.90265066326605,1.192930072706674,8.709720590559375,-0.011702590322897777,38
2015,Group2,9.949727602366028,1.2165216211685692,8.73320598119746,0.023485390638084525,39
2016,Group2,9.953128604772964,1.2303730093728262,8.722755595400137,-0.010450385797321715,40
2017,Group2,9.961409726579562,1.2339158220643678,8.727493904515194,0.0047383091150567935,41
2018,Group2,9.987059807867642,1.2346616536316373,8.752398154236005,0.024904249720810512,42
2019,Group2,10.013290569367468,1.2421184175988096,8.771172151768658,0.018773997532653297,43
2020,Group2,10.027514376301246,1.2545785822752078,8.772935794026038,0.001763642257380127,44
2021,Group2,10.030644277054051,1.2287628673245719,8.801881409729479,0.028945615703440453,45
2022,Group2,10.02285109797664,1.1748738079692054,8.847977290007433,0.04609588027795475,46
2023,Group2,10.010147292350922,1.1583124075511855,8.851834884799736,0.003857594792302521,47
2024,Group2,10.043706151265498,1.1504155426346838,8.893290608630814,0.04145572383107776,48
1976,Group3,10.309890192921706,1.4212370746354555,8.888653118286252,,0
1977,Group3,10.319627736840117,1.4053358662308209,8.914291870609295,0.02563875232304369,1
1978,Group3,10.299273563244164,1.3837051287150068,8.915568434529156,0.0012765639198608625,2
1979,Group3,10.26328023348186,1.3309802715109509,8.932299961970909,0.016731527441752547,3
1980,Group3,10.224201595869555,1.25467755327468,8.969524042594875,0.037224080623966316,4
1981,Group3,10.210748560540662,1.2069414761214812,9.003807084419181,0.03428304182430608,5
1982,Group3,10.215926220624992,1.204709191447922,9.01121702917707,0.007409944757888809,6
1983,Group3,10.23291652535992,1.21744439668358,9.01547212867634,0.004255099499269832,7
1984,Group3,10.256483675550191,1.2223164776253483,9.034167197924843,0.01869506924850306,8
1985,Group3,10.26595650371792,1.2301418082165847,9.035814695501335,0.001647497576492185,9
1986,Group3,10.283318156874186,1.2488721789288717,9.034445977945314,-0.0013687175560210818,10
1987,Group3,10.295037084114554,1.2475973177244526,9.047439766390102,0.012993788444788379,11
1988,Group3,10.285913796215771,1.2513135123982402,9.03460028381753,-0.012839482572571725,12
1989,Group3,10.293247908809729,1.242204190431449,9.05104371837828,0.016443434560748926,13
1990,Group3,10.26335636880921,1.228032708537962,9.03532366027125,-0.015720058107030255,14
1991,Group3,10.24628306596956,1.2197818318507236,9.026501234118836,-0.008822426152413243,15
1992,Group3,10.246830547251257,1.2201386325999983,9.02669191465126,0.00019068053242321525,16
1993,Group3,10.272687828457723,1.2195122696693004,9.053175558788423,0.026483644137163864,17
1994,Group3,10.25534383308056,1.222838575736288,9.032505257344273,-0.020670301444150496,18
1995,Group3,10.268909717033369,1.2225242361934225,9.046385480839946,0.01388022349567386,19
1996,Group3,10.251123229552428,1.2170842674658826,9.034038962086546,-0.012346518753400204,20
1997,Group3,10.257761303011351,1.2134048492314777,9.044356453779873,0.01031749169332663,21
1998,Group3,10.279976332986966,1.2148068613909997,9.065169471595965,0.020813017816092128,22
1999,Group3,10.328967546475283,1.209194232960751,9.119773313514532,0.05460384191856704,23
2000,Group3,10.321435890388994,1.1912058542399875,9.130230036149007,0.010456722634474502,24
2001,Group3,10.32388640307873,1.179389015885697,9.144497387193033,0.0142673510440261,25
2002,Group3,10.340027702572732,1.1824217119160807,9.15760599065665,0.01310860346361764,26
2003,Group3,10.34168506390684,1.1812101589056503,9.160474905001191,0.0028689143445408405,27
2004,Group3,10.348708535030877,1.1750403774200744,9.173668157610802,0.013193252609610795,28
2005,Group3,10.323043562982576,1.1625476249962878,9.160495937986289,-0.013172219624513204,29
2006,Group3,10.334728611136487,1.1522893537193124,9.182439257417174,0.021943319430885566,30
2007,Group3,10.324307704817866,1.1457453087669454,9.17856239605092,-0.003876861366254758,31
2008,Group3,10.32513657262254,1.1349124980441936,9.190224074578346,0.011661678527426389,32
2009,Group3,10.328375396253351,1.1674502485896212,9.16092514766373,-0.02929892691461511,33
2010,Group3,10.329742413850692,1.1754310188003922,9.1543113950503,-0.00661375261343089,34
2011,Group3,10.298901046170377,1.168560883711804,9.130340162458573,-0.023971232591726732,35
2012,Group3,10.297866466551502,1.1758272096799174,9.122039256871584,-0.008300905586988705,36
2013,Group3,10.292352985011568,1.1854779952942271,9.10687498971734,-0.015164267154244016,37
2014,Group3,10.293347594922526,1.192930072706674,9.100417522215853,-0.006457467501487457,38
2015,Group3,10.352150779994629,1.2165216211685692,9.13562915882606,0.035211636610206654,39
2016,Group3,10.341318111969269,1.2303730093728262,9.110945102596443,-0.024684056229617113,40
2017,Group3,10.343567858154035,1.2339158220643678,9.109652036089667,-0.0012930665067756308,41
2018,Group3,10.347130707083284,1.2346616536316373,9.112469053451647,0.0028170173619805894,42
2019,Group3,10.387565401502597,1.2421184175988096,9.145446983903787,0.03297793045213915,43
2020,Group3,10.42833502869791,1.2545785822752078,9.173756446422702,0.02830946251891575,44
2021,Group3,10.409074071145298,1.2287628673245719,9.180311203820725,0.006554757398022915,45
2022,Group3,10.359947015684153,1.1748738079692054,9.185073207714947,0.004762003894221323,46
2023,Group3,10.365222119981066,1.1583124075511855,9.20690971242988,0.02183650471493337,47
2024,Group3,10.4105716687369,1.1504155426346838,9.260156126102215,0.05324641367233518,48
1976,Group4,10.613711474084424,1.4212370746354555,9.192474399448969,,0
1977,Group4,10.629322877635868,1.4053358662308209,9.223987011405047,0.03151261195607802,1
1978,Group4,10.621651734784562,1.3837051287150068,9.237946606069555,0.01395959466450769,2
1979,Group4,10.60831281010446,1.3309802715109509,9.277332538593509,0.03938593252395428,3
1980,Group4,10.545252067561592,1.25467755327468,9.290574514286911,0.013241975693402352,4
1981,Group4,10.524656267691254,1.2069414761214812,9.317714791569774,0.027140277282862613,5
1982,Group4,10.55671959211211,1.204709191447922,9.352010400664188,0.0342956090944142,6
1983,Group4,10.564994981019654,1.21744439668358,9.347550584336073,-0.004459816328115096,7
1984,Group4,10.591864663105351,1.2223164776253483,9.369548185480003,0.021997601143930012,8
1985,Group4,10.607056676709608,1.2301418082165847,9.376914868493023,0.007366683013019681,9
1986,Group4,10.627659804387116,1.2488721789288717,9.378787625458244,0.0018727569652217113,10
1987,Group4,10.634099033541425,1.2475973177244526,9.386501715816973,0.007714090358728498,11
1988,Group4,10.633559064553012,1.2513135123982402,9.382245552154771,-0.004256163662201828,12
1989,Group4,10.639462503673954,1.242204190431449,9.397258313242505,0.01501276108773375,13
1990,Group4,10.601076313613396,1.228032708537962,9.373043605075434,-0.024214708167070498,14
1991,Group4,10.584846898473243,1.2197818318507236,9.36506506662252,-0.007978538452913853,15
1992,Group4,10.59196448880178,1.2201386325999983,9.371825856201783,0.006760789579262294,16
1993,Group4,10.60395007109785,1.2195122696693004,9.38443780142855,0.012611945226767673,17
1994,Group4,10.594470905335866,1.222838575736288,9.371632329599578,-0.012805471828972514,18
1995,Group4,10.61643357137172,1.2225242361934225,9.393909335178298,0.022277005578720477,19
1996,Group4,10.600090462699672,1.2170842674658826,9.38300619523379,-0.010903139944508311,20
1997,Group4,10.604568243718344,1.2134048492314777,9.391163394486867,0.008157199253076897,21
1998,Group4,10.62254209214282,1.2148068613909997,9.407735230751822,0.016571836264954953,22
1999,Group4,10.65982963173189,1.209194232960751,9.450635398771139,0.042900168019317064,23
2000,Group4,10.659259969048378,1.1912058542399875,9.46805411480839,0.01741871603725187,24
2001,Group4,10.66840130762638,1.179389015885697,9.489012291740684,0.02095817693229307,25
2002,Group4,10.686408334581008,1.1824217119160807,9.503986622664927,0.014974330924243162,26
2003,Group4,10.680590911472455,1.1812101589056503,9.499380752566806,-0.004605870098121301,27
2004,Group4,10.718716485511504,1.1750403774200744,9.543676108091429,0.04429535552462305,28
2005,Group4,10.689341375613528,1.1625476249962878,9.52679375061724,-0.01688235747418787,29
2006,Group4,10.66444548184381,1.1522893537193124,9.512156128124497,-0.014637622492744029,30
2007,Group4,10.673349898689304,1.1457453087669454,9.527604589922358,0.015448461797861412,31
2008,Group4,10.681338385295287,1.1349124980441936,9.546425887251093,0.018821297328734943,32
2009,Group4,10.69113043805407,1.1674502485896212,9.52368018946445,-0.02274569778664315,33
2010,Group4,10.67829605431841,1.1754310188003922,9.502865035518019,-0.02081515394643141,34
2011,Group4,10.669219623150443,1.168560883711804,9.50065873943864,-0.0022062960793789443,35
2012,Group4,10.665597075483731,1.1758272096799174,9.489769865803813,-0.010888873634826268,36
2013,Group4,10.669942723375067,1.1854779952942271,9.484464728080841,-0.005305137722972475,37
2014,Group4,10.66542155460055,1.192930072706674,9.472491481893876,-0.01197324618696527,38
2015,Group4,10.716441247502644,1.2165216211685692,9.499919626334075,0.02742814444019892,39
2016,Group4,10.709493195110134,1.2303730093728262,9.479120185737308,-0.020799440596766416,40
2017,Group4,10.729513786943611,1.2339158220643678,9.495597964879243,0.016477779141935045,41
2018,Group4,10.720268199954068,1.2346616536316373,9.485606546322431,-0.009991418556811738,42
2019,Group4,10.7262674643011,1.2421184175988096,9.48414904670229,-0.0014574996201410784,43
2020,Group4,10.793286164711915,1.2545785822752078,9.538707582436707,0.054558535734416935,44
2021,Group4,10.763964891568882,1.2287628673245719,9.53520202424431,-0.0035055581923977286,45
2022,Group4,10.714648002997407,1.1748738079692054,9.539774195028201,0.004572170783891494,46
2023,Group4,10.743222089575918,1.1583124075511855,9.584909682024731,0.04513548699653036,47
2024,Group4,10.758037945921464,1.1504155426346838,9.60762240328678,0.022712721262047708,48
1976,Group5,10.89123302324729,1.4212370746354555,9.469995948611835,,0
1977,Group5,10.893976021364844,1.4053358662308209,9.488640155134023,0.0186442065221879,1
1978,Group5,10.893736301674554,1.3837051287150068,9.510031172959547,0.02139101782552366,2
1979,Group5,10.893192327331509,1.3309802715109509,9.562212055820558,0.05218088286101086,3
1980,Group5,10.820271428986912,1.25467755327468,9.565593875712231,0.003381819891673743,4
1981,Group5,10.817551309323427,1.2069414761214812,9.610609833201947,0.04501595748971532,5
1982,Group5,10.826214743768348,1.204709191447922,9.621505552320427,0.010895719118479974,6
1983,Group5,10.84614445304368,1.21744439668358,9.628700056360099,0.007194504039672367,7
1984,Group5,10.86202429188733,1.2223164776253483,9.639707814261982,0.011007757901882798,8
1985,Group5,10.903918962222466,1.2301418082165847,9.673777154005881,0.03406933974389936,9
1986,Group5,10.919308410186472,1.2488721789288717,9.6704362312576,-0.0033409227482810167,10
1987,Group5,10.920740167936584,1.2475973177244526,9.673142850212132,0.0027066189545319475,11
1988,Group5,10.921714589491868,1.2513135123982402,9.670401077093628,-0.0027417731185046534,12
1989,Group5,10.923824297595903,1.242204190431449,9.681620107164454,0.011219030070826363,13
1990,Group5,10.909296305528688,1.228032708537962,9.681263596990727,-0.0003565101737272869,14
1991,Group5,10.885650204713022,1.2197818318507236,9.665868372862299,-0.015395224128427643,15
1992,Group5,10.899564048755984,1.2201386325999983,9.679425416155986,0.013557043293687343,16
1993,Group5,10.90397530005175,1.2195122696693004,9.68446303038245,0.005037614226463205,17
1994,Group5,10.9034527613979,1.222838575736288,9.680614185661613,-0.003848844720836908,18
1995,Group5,10.914287874216267,1.2225242361934225,9.691763638022845,0.011149452361232548,19
1996,Group5,10.910429801813422,1.2170842674658826,9.69334553434754,0.0015818963246942985,20
1997,Group5,10.936307370751496,1.2134048492314777,9.72290252152002,0.02955698717248012,21
1998,Group5,10.949627707830382,1.2148068613909997,9.734820846439384,0.011918324919363954,22
1999,Group5,10.993255025764416,1.209194232960751,9.784060792803665,0.049239946364281195,23
2000,Group5,10.999811742712083,1.1912058542399875,9.808605888472096,0.024545095668431216,24
2001,Group5,11.011379403807402,1.179389015885697,9.831990387921705,0.023384499449608853,25
2002,Group5,11.035962592167731,1.1824217119160807,9.85354088025165,0.021550492329945214,26
2003,Group5,11.03208109843772,1.1812101589056503,9.85087093953207,-0.0026699407195796,27
2004,Group5,11.066040369759357,1.1750403774200744,9.890999992339282,0.04012905280721135,28
2005,Group5,11.034617613354214,1.1625476249962878,9.872069988357927,-0.018930003981354915,29
2006,Group5,11.01288326145989,1.1522893537193124,9.860593907740578,-0.011476080617349282,30
2007,Group5,11.021764602239976,1.1457453087669454,9.87601929347303,0.015425385732452668,31
2008,Group5,11.022165116682574,1.1349124980441936,9.88725261863838,0.011233325165349584,32
2009,Group5,11.035384083083953,1.1674502485896212,9.867933834494332,-0.01931878414404764,33
2010,Group5,11.02926055486677,1.1754310188003922,9.853829536066378,-0.01410429842795402,34
2011,Group5,11.036161516992136,1.168560883711804,9.867600633280333,0.01377109721395442,35
2012,Group5,11.05507565910968,1.1758272096799174,9.879248449429761,0.011647816149428891,36
2013,Group5,11.05355856319176,1.1854779952942271,9.868080567897533,-0.011167881532228918,37
2014,Group5,11.04357084243537,1.192930072706674,9.850640769728695,-0.01743979816883723,38
2015,Group5,11.064971818228637,1.2165216211685692,9.848450197060068,-0.002190572668627766,39
2016,Group5,11.072249152686748,1.2303730093728262,9.841876143313922,-0.006574053746145836,40
2017,Group5,11.101012220751066,1.2339158220643678,9.867096398686698,0.02522025537277628,41
2018,Group5,11.091319162937545,1.2346616536316373,9.856657509305908,-0.010438889380790073,42
2019,Group5,11.111722565388645,1.2421184175988096,9.869604147789834,0.01294663848392652,43
2020,Group5,11.130727788810251,1.2545785822752078,9.876149206535043,0.0065450587452087206,44
2021,Group5,11.127328958434305,1.2287628673245719,9.898566091109732,0.022416884574688822,45
2022,Group5,11.082232807532389,1.1748738079692054,9.907358999563183,0.00879290845345082,46
2023,Group5,11.11912158008127,1.1583124075511855,9.960809172530084,0.05345017296690102,47
2024,Group5,11.140447635116097,1.1504155426346838,9.990032092481412,0.029222919951328308,48
1976,Group6,11.135013847063568,1.4212370746354555,9.713776772428114,,0
1977,Group6,11.110738231527856,1.4053358662308209,9.705402365297035,-0.008374407131078954,1
1978,Group6,11.11919493305152,1.3837051287150068,9.735489804336513,0.030087439039478525,2
1979,Group6,11.098471148725668,1.3309802715109509,9.767490877214717,0.032001072878204084,3
1980,Group6,11.04799957654505,1.25467755327468,9.79332202327037,0.025831146055653065,4
1981,Group6,11.050525023861365,1.2069414761214812,9.843583547739884,0.05026152446951393,5
1982,Group6,11.05605288301274,1.204709191447922,9.851343691564818,0.0077601438249335075,6
1983,Group6,11.086447792216587,1.21744439668358,9.869003395533007,0.017659703968188722,7
1984,Group6,11.094511168283088,1.2223164776253483,9.87219469065774,0.003191295124732818,8
1985,Group6,11.12045259669086,1.2301418082165847,9.890310788474276,0.018116097816536225,9
1986,Group6,11.175500816503664,1.2488721789288717,9.926628637574792,0.0363178491005165,10
1987,Group6,11.159836608368725,1.2475973177244526,9.912239290644273,-0.014389346930519409,11
1988,Group6,11.154938391531935,1.2513135123982402,9.903624879133694,-0.00861441151057818,12
1989,Group6,11.15648656499193,1.242204190431449,9.91428237456048,0.010657495426785957,13
1990,Group6,11.160175634806812,1.228032708537962,9.93214292626885,0.01786055170837031,14
1991,Group6,11.126235263570427,1.2197818318507236,9.906453431719704,-0.025689494549146374,15
1992,Group6,11.140406152115045,1.2201386325999983,9.920267519515047,0.013814087795342544,16
1993,Group6,11.137938711581096,1.2195122696693004,9.918426441911796,-0.001841077603250696,17
1994,Group6,11.171877149720784,1.222838575736288,9.949038573984495,0.030612132072699083,18
1995,Group6,11.198129106074974,1.2225242361934225,9.975604869881552,0.026566295897056946,19
1996,Group6,11.184046553463045,1.2170842674658826,9.966962285997162,-0.008642583884389765,20
1997,Group6,11.206215715628952,1.2134048492314777,9.992810866397473,0.025848580400310794,21
1998,Group6,11.23107578129845,1.2148068613909997,10.01626891990745,0.02345805350997665,22
1999,Group6,11.249423468169628,1.209194232960751,10.040229235208876,0.023960315301426505,23
2000,Group6,11.28235035298498,1.1912058542399875,10.091144498744992,0.05091526353611542,24
2001,Group6,11.29158746675401,1.179389015885697,10.112198450868313,0.02105395212332084,25
2002,Group6,11.335947799472123,1.1824217119160807,10.153526087556042,0.0413276366877291,26
2003,Group6,11.325252595159828,1.1812101589056503,10.144042436254178,-0.00948365130186346,27
2004,Group6,11.33736479910205,1.1750403774200744,10.162324421681975,0.018281985427796243,28
2005,Group6,11.309821061082202,1.1625476249962878,10.147273436085914,-0.015050985596060329,29
2006,Group6,11.315139716560637,1.1522893537193124,10.162850362841324,0.01557692675540956,30
2007,Group6,11.323672213882215,1.1457453087669454,10.17792690511527,0.015076542273945392,31
2008,Group6,11.325662907745158,1.1349124980441936,10.190750409700964,0.012823504585695034,32
2009,Group6,11.329672563729192,1.1674502485896212,10.162222315139571,-0.028528094561393047,33
2010,Group6,11.321836805627182,1.1754310188003922,10.14640578682679,-0.01581652831278113,34
2011,Group6,11.31491935319062,1.168560883711804,10.146358469478816,-4.7317347974029644e-05,35
2012,Group6,11.369014497301192,1.1758272096799174,10.193187287621274,0.04682881814245832,36
2013,Group6,11.351720685538035,1.1854779952942271,10.16624269024381,-0.02694459737746513,37
2014,Group6,11.335725582854147,1.192930072706674,10.142795510147472,-0.02344718009633695,38
2015,Group6,11.360663931282671,1.2165216211685692,10.144142310114102,0.0013467999666296748,39
2016,Group6,11.379154219843208,1.2303730093728262,10.148781210470382,0.004638900356280118,40
2017,Group6,11.424654803625156,1.2339158220643678,10.190738981560788,0.04195777109040577,41
2018,Group6,11.417739550671463,1.2346616536316373,10.183077897039826,-0.007661084520961481,42
2019,Group6,11.437133113653577,1.2421184175988096,10.195014696054766,0.011936799014939936,43
2020,Group6,11.439762836287525,1.2545785822752078,10.185184254012317,-0.00983044204244976,44
2021,Group6,11.440922556890394,1.2287628673245719,10.212159689565823,0.026975435553506344,45
2022,Group6,11.4063299209149,1.1748738079692054,10.231456112945693,0.019296423379870475,46
2023,Group6,11.412874938735342,1.1583124075511855,10.254562531184156,0.023106418238462823,47
2024,Group6,11.48250703844312,1.1504155426346838,10.332091495808436,0.07752896462428005,48
1976,Group7,11.453531656469838,1.4212370746354555,10.032294581834384,,0
1977,Group7,11.421617524414405,1.4053358662308209,10.016281658183583,-0.016012923650800204,1
1978,Group7,11.49861087085235,1.3837051287150068,10.114905742137342,0.09862408395375866,2
1979,Group7,11.46271578774634,1.3309802715109509,10.13173551623539,0.016829774098047423,3
1980,Group7,11.404030029724485,1.25467755327468,10.149352476449804,0.017616960214414945,4
1981,Group7,11.347515335571702,1.2069414761214812,10.140573859450221,-0.008778616999583377,5
1982,Group7,11.38572620694622,1.204709191447922,10.181017015498298,0.040443156048077356,6
1983,Group7,11.487288033629136,1.21744439668358,10.269843636945556,0.08882662144725728,7
1984,Group7,11.483772302062675,1.2223164776253483,10.261455824437327,-0.00838781250822862,8
1985,Group7,11.438021813423765,1.2301418082165847,10.20788000520718,-0.053575819230147204,9
1986,Group7,11.496798117023763,1.2488721789288717,10.247925938094891,0.04004593288771119,10
1987,Group7,11.509378099258722,1.2475973177244526,10.26178078153427,0.013854843439379039,11
1988,Group7,11.480939315390703,1.2513135123982402,10.229625802992462,-0.03215497854180782,12
1989,Group7,11.561504271744615,1.242204190431449,10.319300081313166,0.08967427832070385,13
1990,Group7,11.571675639778258,1.228032708537962,10.343642931240296,0.024342849927130317,14
1991,Group7,11.523715674562116,1.2197818318507236,10.303933842711391,-0.03970908852890531,15
1992,Group7,11.514811389089498,1.2201386325999983,10.2946727564895,-0.00926108622189048,16
1993,Group7,11.522799277306962,1.2195122696693004,10.303287007637662,0.0086142511481615,17
1994,Group7,11.54561731035727,1.222838575736288,10.322778734620982,0.019491726983320135,18
1995,Group7,11.556986376283556,1.2225242361934225,10.334462140090134,0.011683405469151253,19
1996,Group7,11.57721059586815,1.2170842674658826,10.360126328402268,0.025664188312134684,20
1997,Group7,11.59148309500224,1.2134048492314777,10.378078245770762,0.017951917368494108,21
1998,Group7,11.643447867658905,1.2148068613909997,10.428641006267906,0.0505627604971437,22
1999,Group7,11.803704785753494,1.209194232960751,10.594510552792743,0.16586954652483676,23
2000,Group7,11.81933730216852,1.1912058542399875,10.628131447928533,0.03362089513579036,24
2001,Group7,11.936930221410863,1.179389015885697,10.757541205525166,0.1294097575966333,25
2002,Group7,11.994551586310692,1.1824217119160807,10.81212987439461,0.054588668869444135,26
2003,Group7,11.75376324742363,1.1812101589056503,10.57255308851798,-0.2395767858766309,27
2004,Group7,11.738906806234658,1.1750403774200744,10.563866428814583,-0.00868665970339677,28
2005,Group7,11.702193880045767,1.1625476249962878,10.53964625504948,-0.024220173765103326,29
2006,Group7,11.733868250574956,1.1522893537193124,10.581578896855643,0.04193264180616296,30
2007,Group7,11.773182317687946,1.1457453087669454,10.627437008921,0.04585811206535695,31
2008,Group7,11.747863427157894,1.1349124980441936,10.6129509291137,-0.0144860798073001,32
2009,Group7,11.900267044379396,1.1674502485896212,10.732816795789775,0.11986586667607568,33
2010,Group7,11.896469587150891,1.1754310188003922,10.7210385683505,-0.011778227439275923,34
2011,Group7,11.741758431767911,1.168560883711804,10.573197548056108,-0.1478410202943916,35
2012,Group7,11.74250084612128,1.1758272096799174,10.566673636441362,-0.00652391161474597,36
2013,Group7,11.7324977300204,1.1854779952942271,10.547019734726174,-0.01965390171518777,37
2014,Group7,11.720133264769494,1.192930072706674,10.52720319206282,-0.019816542663352976,38
2015,Group7,11.779304986441243,1.2165216211685692,10.562783365272674,0.03558017320985307,39
2016,Group7,11.802596315922925,1.2303730093728262,10.572223306550098,0.009439941277424424,40
2017,Group7,11.86100192229412,1.2339158220643678,10.627086100229752,0.05486279367965352,41
2018,Group7,11.829545935732869,1.2346616536316373,10.594884282101232,-0.03220181812852019,42
2019,Group7,11.83937312746662,1.2421184175988096,10.59725470986781,0.0023704277665785867,43
2020,Group7,11.868551547302678,1.2545785822752078,10.61397296502747,0.016718255159659634,44
2021,Group7,11.863076586932497,1.2287628673245719,10.634313719607924,0.020340754580454146,45
2022,Group7,11.851060544239791,1.1748738079692054,10.676186736270585,0.0418730166626613,46
2023,Group7,11.865448663788792,1.1583124075511855,10.707136256237606,0.030949519967020223,47
2024,Group7,11.898632228958794,1.1504155426346838,10.74821668632411,0.041080430086504194,48
1976,Group8,11.948761528552536,1.4212370746354555,10.527524453917081,,0
1977,Group8,11.902587355699472,1.4053358662308209,10.49725148946865,-0.030272964448430528,1
1978,Group8,11.991731820701942,1.3837051287150068,10.608026691986934,0.11077520251828332,2
1979,Group8,11.956750426146757,1.3309802715109509,10.625770154635806,0.0177434626488715,3
1980,Group8,11.79713428427276,1.25467755327468,10.54245673099808,-0.0833134236377262,4
1981,Group8,11.675152436991,1.2069414761214812,10.46821096086952,-0.07424577012855949,5
1982,Group8,11.813201387223426,1.204709191447922,10.608492195775504,0.14028123490598432,6
1983,Group8,12.002022799011998,1.21744439668358,10.784578402328417,0.17608620655291318,7
1984,Group8,11.968478771940932,1.2223164776253483,10.746162294315583,-0.038416108012834016,8
1985,Group8,11.952349793453772,1.2301418082165847,10.722207985237187,-0.023954309078396463,9
1986,Group8,11.953765024088908,1.2488721789288717,10.704892845160035,-0.017315140077151625,10
1987,Group8,11.937076003855958,1.2475973177244526,10.689478686131507,-0.015414159028528829,11
1988,Group8,11.910603578470624,1.2513135123982402,10.659290066072383,-0.03018862005912304,12
1989,Group8,11.976997867874282,1.242204190431449,10.734793677442832,0.07550361137044881,13
1990,Group8,11.970937904547815,1.228032708537962,10.742905196009854,0.008111518567021747,14
1991,Group8,11.91335610409414,1.2197818318507236,10.693574272243417,-0.049330923766436996,15
1992,Group8,11.891764163667482,1.2201386325999983,10.671625531067484,-0.02194874117593315,16
1993,Group8,11.88652476126421,1.2195122696693004,10.66701249159491,-0.004613039472573632,17
1994,Group8,11.85916198841254,1.222838575736288,10.636323412676251,-0.030689078918658907,18
1995,Group8,11.853071285876176,1.2225242361934225,10.630547049682754,-0.005776362993497486,19
1996,Group8,12.677699310351668,1.2170842674658826,11.460615042885786,0.8300679932030324,20
1997,Group8,12.765669425948438,1.2134048492314777,11.552264576716961,0.09164953383117513,21
1998,Group8,12.772156671075884,1.2148068613909997,11.557349809684883,0.005085232967921627,22
1999,Group8,12.869628473298803,1.209194232960751,11.660434240338052,0.10308443065316908,23
2000,Group8,12.51739018490073,1.1912058542399875,11.326184330660743,-0.3342499096773093,24
2001,Group8,12.793841989833616,1.179389015885697,11.61445297394792,0.28826864328717683,25
2002,Group8,12.74998987117599,1.1824217119160807,11.567568159259908,-0.046884814688011645,26
2003,Group8,12.858352812200517,1.1812101589056503,11.677142653294867,0.109574494034959,27
2004,Group8,12.792256421433176,1.1750403774200744,11.617216044013102,-0.05992660928176541,28
2005,Group8,12.841003145331811,1.1625476249962878,11.678455520335524,0.06123947632242199,29
2006,Group8,12.809957094909608,1.1522893537193124,11.657667741190295,-0.02078777914522867,30
2007,Group8,12.840872443787603,1.1457453087669454,11.695127135020657,0.03745939383036223,31
2008,Group8,12.75256644943394,1.1349124980441936,11.617653951389746,-0.07747318363091082,32
2009,Group8,12.752160111678222,1.1674502485896212,11.584709863088602,-0.0329440883011447,33
2010,Group8,12.75768807819446,1.1754310188003922,11.582257059394069,-0.0024528036945330456,34
2011,Group8,12.664476894111338,1.168560883711804,11.495916010399535,-0.08634104899453376,35
2012,Group8,12.72075934855659,1.1758272096799174,11.544932138876673,0.04901612847713821,36
2013,Group8,12.717098704419096,1.1854779952942271,11.53162070912487,-0.013311429751803772,37
2014,Group8,12.71907815429551,1.192930072706674,11.526148081588836,-0.005472627536033059,38
2015,Group8,12.72744187044126,1.2165216211685692,11.51092024927269,-0.015227832316146106,39
2016,Group8,12.859734895891688,1.2303730093728262,11.629361886518861,0.11844163724617118,40
2017,Group8,12.846084268160418,1.2339158220643678,11.61216844609605,-0.01719344042281179,41
2018,Group8,12.83168223813723,1.2346616536316373,11.597020584505593,-0.015147861590456557,42
2019,Group8,12.837495733192672,1.2421184175988096,11.595377315593861,-0.0016432689117316102,43
2020,Group8,12.915886665534323,1.2545785822752078,11.661308083259115,0.06593076766525385,44
2021,Group8,12.831086912818847,1.2287628673245719,11.602324045494274,-0.058984037764840735,45
2022,Group8,12.834262856976034,1.1748738079692054,11.659389049006828,0.0570650035125535,46
2023,Group8,12.879672346929173,1.1583124075511855,11.721359939377987,0.06197089037115866,47
2024,Group8,12.804484973433503,1.1504155426346838,11.654069430798819,-0.06729050857916796,48
